Tabela;Qtde arquivos;Arquivos
"app_auditoria";"2";"assets/js/core/audit.js | assets/js/logs-usuarios.js"
"app_logs_usuarios";"4";"assets/js/activityLogger.js | assets/js/adm-conferencia.js | assets/js/core/audit.js | assets/js/logs-usuarios.js"
"app_modulos";"1";"assets/js/admin-configuracoes.js"
"app_usuarios";"10";"assets/js/admin-configuracoes.js | assets/js/faturamento.js | assets/js/gestor-app-dashboard-live-fix.js | assets/js/gestor-app-mobile-home-fix.js | assets/js/gestor-app-supervisao-fix.js | assets/js/gestor-app.js | assets/js/gestor-mobile-modules-v2.js | assets/js/os-mobile.js | assets/js/os.js | assets/js/programacao.js"
"auditoria_agrupamentos";"1";"assets/js/admin-auditoria.js"
"auditoria_solicitacoes";"3";"assets/js/adm-conferencia.js | assets/js/admin-auditoria.js | assets/js/auditoria.js"
"bonus_auditoria_inaptos";"1";"assets/js/conferencia-bonus.js"
"bonus_caixa_lancamentos";"1";"assets/js/conferencia-bonus-caixa.js"
"botconversa_jobs";"2";"assets/js/modules/ti.js | assets/js/ti-agentes.js"
"botconversa_logs";"2";"assets/js/ti-agentes.js | assets/js/ti-comunicacao.js"
"chamados_ti";"1";"assets/js/chamados-ti.js"
"chamados_ti_comentarios";"1";"assets/js/chamados-ti.js"
"clientes_nacionais";"2";"assets/js/logistica-clientes-filiais-pagadoras.js | assets/js/logistica.js"
"colaborador_cruzamento";"7";"assets/js/adm-hotel-hospedados.js | assets/js/equipe.js | assets/js/mapa-operacional-corredor.js | assets/js/mapa-operacional-programacao.js | assets/js/mapa-operacional.js | assets/js/programacao-equipe.js | assets/js/programacao.js"
"colaborador_importacoes";"4";"assets/js/contato-cliente.js | assets/js/historicoColaboradores.js | assets/js/importarColaboradores.js | assets/js/modules/relatorios.js"
"colaborador_snapshot";"1";"assets/js/efetivosSemProducao.js"
"colaboradores";"9";"assets/js/btg-logistica.js | assets/js/epiRh.js | assets/js/logistica-informativos-efetivos.js | assets/js/plantao.js | assets/js/programacao-despesas.js | assets/js/programacao-equipe.js | assets/js/programacao.js | assets/js/termos.js | assets/js/ti-comunicacao.js"
"colaboradores_alteracoes";"1";"assets/js/consultarColaboradores.js"
"colaboradores_atuais";"8";"assets/js/consultarColaboradores.js | assets/js/modules/frotas-motoristas.js | assets/js/modules/frotas-multas.js | assets/js/modules/frotas-termo-veiculos.js | assets/js/operacional-irregularidades-acoes.js | assets/js/programacao-equipe.js | assets/js/programacao.js | assets/js/ti-contatos.js"
"colaboradores_historico";"1";"assets/js/modules/relatorios-colaboradores-historico.js"
"compras_catalogo";"2";"assets/js/adm-compras.js | assets/js/compras.js"
"compras_estoque_inventarios";"1";"assets/js/compras-estoque.js"
"compras_estoque_materiais";"3";"assets/js/adm-compras.js | assets/js/compras-estoque-agrupamento.js | assets/js/compras-estoque.js"
"compras_estoque_movimentacoes";"2";"assets/js/adm-compras.js | assets/js/compras-estoque.js"
"compras_itens";"8";"assets/js/adm-compras.js | assets/js/adm-hotel-alojamentos-compras.js | assets/js/compras-estoque.js | assets/js/compras.js | assets/js/comprovante-mobile.js | assets/js/epiRh.js | assets/js/financeiro.js | assets/js/termos.js"
"compras_notificacoes_config";"4";"assets/js/adm-compras.js | assets/js/admin-configuracoes.js | assets/js/compras.js | assets/js/termos.js"
"compras_patrimonios_cadastro";"4";"assets/js/adm-compras.js | assets/js/adm-patrimonio.js | assets/js/gestor-app.js | assets/js/patrimonios.js"
"compras_solicitacoes";"4";"assets/js/adm-hotel-alojamentos-compras.js | assets/js/compras-estoque.js | assets/js/compras.js | assets/js/epiRh.js"
"conferencia_despesas";"1";"assets/js/adm-conferencia.js"
"conferencia_localizacao_colaboradores";"1";"assets/js/adm-conferencia.js"
"conferencia_uber_corridas";"3";"assets/js/modules/relatorios.js | assets/js/relatorios.js | assets/js/uber.js"
"dashboard_cache";"4";"assets/js/dashboard.js | assets/js/gestor-app-dashboard-live-fix.js | assets/js/gestor-app.js | assets/js/modules/relatorios.js"
"dashboard_socios_notas_emitidas_api";"1";"assets/js/dashboard-socio.js"
"dashboard_socios_recebimentos_api";"1";"assets/js/dashboard-socio.js"
"dre_despesas_mensal";"3";"assets/js/modules/dashboard-socio.js | assets/js/modules/metas.js | assets/js/modules/relatorios.js"
"efetivos_sem_producao";"1";"assets/js/efetivosSemProducao.js"
"email_accounts";"1";"assets/js/admin-configuracoes.js"
"email_accounts_public";"4";"assets/js/emails-layout.js | assets/js/emails.js | assets/js/gestor-app.js | assets/js/gestor-email.js"
"email_attachments";"2";"assets/js/emails.js | assets/js/gestor-email.js"
"email_historico";"1";"assets/js/emails.js"
"email_messages";"6";"assets/js/emails-layout-v2.js | assets/js/emails-layout.js | assets/js/emails.js | assets/js/gestor-app.js | assets/js/gestor-email.js | assets/js/modules/ti.js"
"email_outbox";"3";"assets/js/emails.js | assets/js/gestor-app.js | assets/js/gestor-email.js"
"envios_destinatarios";"2";"assets/js/envios.js | assets/js/telegrama.js"
"envios_postagens";"1";"assets/js/envios.js"
"envios_remetentes";"3";"assets/js/envios.js | assets/js/telegrama.js | assets/js/termos.js"
"envios_reversa";"1";"assets/js/envios.js"
"envios_telegramas";"1";"assets/js/telegrama.js"
"equipe_administracao_usuarios";"1";"assets/js/equipe.js"
"equipe_gestores_regionais";"1";"assets/js/equipe.js"
"financeiro_adiantamentos_decisoes";"2";"assets/js/financeiro-adiantamentos-lote.js | assets/js/financeiro.js"
"financeiro_alimentacao_colaboradores";"1";"assets/js/programacao-janta-hotel.js"
"financeiro_contas_pagar";"1";"assets/js/financeiro.js"
"financeiro_contas_receber";"2";"assets/js/financeiro.js | assets/js/modules/dashboard-socio.js"
"financeiro_fluxo_caixa_diario";"1";"assets/js/financeiro.js"
"financeiro_notas_fiscais_resumo";"2";"assets/js/financeiro-adiantamentos-lote.js | assets/js/financeiro.js"
"financeiro_pagamentos";"8";"assets/js/adm-compras.js | assets/js/adm-hotel-alojamentos-pagamentos.js | assets/js/adm-hotel.js | assets/js/admin-auditoria.js | assets/js/comprovante-mobile.js | assets/js/financeiro-alojamentos-faturas.js | assets/js/financeiro.js | assets/js/termos.js"
"financeiro_pagamentos_execucoes";"2";"assets/js/financeiro-adiantamentos-lote.js | assets/js/financeiro.js"
"financeiro_pagamentos_linhas";"2";"assets/js/financeiro-adiantamentos-lote.js | assets/js/financeiro.js"
"financeiro_provisoes";"1";"assets/js/financeiro.js"
"financeiro_saldos_dia";"1";"assets/js/financeiro.js"
"frota_solicitacoes";"1";"assets/js/modules/programacao.api.example.js"
"frotas_checklists";"1";"assets/js/dashboard.js"
"frotas_excesso_velocidade";"3";"assets/js/modules/frotas.js | assets/js/modules/relatorios.js | assets/js/relatorios.js"
"frotas_fora_horario";"1";"assets/js/modules/frotas.js"
"frotas_manutencoes";"1";"assets/js/modules/dashboard-socio.js"
"frotas_motoristas";"3";"assets/js/modules/frotas-motoristas.js | assets/js/modules/frotas-termo-veiculos.js | assets/js/programacao-equipe.js"
"frotas_multas";"3";"assets/js/modules/frotas-multas-action-reconcile.js | assets/js/modules/frotas-multas-one-time-xlsx.js | assets/js/modules/frotas-multas.js"
"frotas_posicoes";"1";"assets/js/modules/frotas-roteirizacao.js"
"frotas_posicoes_historico";"4";"assets/js/mapa-operacional-auditoria.js | assets/js/mapa-operacional-corredor.js | assets/js/mapa-operacional-programacao.js | assets/js/mapa-operacional.js"
"frotas_print_ocr_execucoes";"1";"assets/js/modules/frotas.js"
"frotas_rastreadores";"2";"assets/js/modules/frotas-rastreadores-bfleet-status.js | assets/js/modules/frotas-rastreadores.js"
"frotas_rastreadores_removidos";"2";"assets/js/modules/frotas-rastreadores-bfleet-status.js | assets/js/modules/frotas-rastreadores.js"
"frotas_rotas";"2";"assets/js/mapa-operacional.js | assets/js/modules/frotas-roteirizacao.js"
"frotas_rotas_paradas";"1";"assets/js/modules/frotas-roteirizacao.js"
"frotas_trocas_oleo";"1";"assets/js/modules/dashboard-socio.js"
"frotas_veiculos";"19";"assets/js/dashboard.js | assets/js/frotas-dashboard.js | assets/js/importarPatrimonios.js | assets/js/mapa-operacional-programacao.js | assets/js/mapa-operacional.js | assets/js/modules/dashboard-socio.js | assets/js/modules/frotas-checklists.js | assets/js/modules/frotas-manutencao.js | assets/js/modules/frotas-rastreadores-bfleet-status.js | assets/js/modules/frotas-rastreadores.js | assets/js/modules/frotas-roteirizacao.js | assets/js/modules/frotas-troca-oleo.js | assets/js/modules/frotas-veiculos-ui.js | assets/js/modules/frotas-veiculos-xlsx.js | assets/js/modules/frotas-veiculos.js | assets/js/modules/frotas.js | assets/js/patrimoniosAgentSync.js | assets/js/programacao-despesas.js | assets/js/programacao.js"
"grm_adiantamentos_importacoes";"2";"assets/js/financeiro-adiantamentos-lote.js | assets/js/financeiro.js"
"grm_auditorias_importacoes";"1";"assets/js/admin-auditoria.js"
"grm_cargas_importacoes";"2";"assets/js/adm-logistica.js | assets/js/logistica-conferencia-ocr.js"
"grm_despesas_importacoes";"2";"assets/js/metasFechamentoValidacao.js | assets/js/modules/dre.js"
"grm_finalizacao_os_execucoes";"1";"assets/js/ti-agentes-finalizar-os.js"
"grm_finalizacao_os_resultados";"1";"assets/js/ti-agentes-finalizar-os.js"
"grm_mapa_embarque_importacoes";"1";"assets/js/adm-logistica.js"
"grm_nf_lancamentos";"2";"assets/js/holeritePagamentos.js | assets/js/modules/notas-fiscais/service.js"
"grm_nhe_importacoes";"1";"assets/js/adm-logistica.js"
"grm_notas_fiscais_importacoes";"1";"assets/js/financeiro.js"
"grm_patrimonios_importacoes";"1";"assets/js/patrimoniosAgentSync.js"
"grm_producao_diaria_importacoes";"1";"assets/js/producaoSnapshotAgentSync.js"
"grm_sync_agent_settings";"4";"assets/js/listaOsAgentSync.js | assets/js/producaoSnapshotAgentSync.js | assets/js/ti-agentes-filas-v2.js | assets/js/ti-agentes.js"
"grm_sync_jobs";"9";"assets/js/admin-configuracoes.js | assets/js/agentUpdateStatus.js | assets/js/btg-logistica-agentes-ui.js | assets/js/financeiro.js | assets/js/modules/ti.js | assets/js/programacao-equipe.js | assets/js/ti-agentes-filas-v2.js | assets/js/ti-agentes-finalizar-os.js | assets/js/ti-agentes.js"
"grm_sync_lanes";"1";"assets/js/ti-agentes-filas-v2.js"
"grm_sync_runtime_policy";"1";"assets/js/ti-agentes-filas-v2.js"
"historico_colaboradores";"5";"assets/js/envios.js | assets/js/importarColaboradores.js | assets/js/modules/dre.js | assets/js/modules/relatorios.js | assets/js/relatorios.js"
"hospedagem_alojamentos";"11";"assets/js/adm-hotel-alojamentos-pagamentos.js | assets/js/adm-hotel-alojamentos-v2.js | assets/js/adm-hotel-hospedados.js | assets/js/adm-hotel-separacao-modulos.js | assets/js/hospedagem.js | assets/js/hotel-relatorio-v2.js | assets/js/mapa-operacional-corredor.js | assets/js/mapa-operacional-programacao.js | assets/js/mapa-operacional.js | assets/js/programacao-despesas.js | assets/js/programacao.js"
"hospedagem_alteracoes";"1";"assets/js/adm-hotel.js"
"hospedagem_checkout_decisoes";"2";"assets/js/adm-hotel.js | assets/js/hospedagem.js"
"hospedagem_cotacoes";"1";"assets/js/adm-hotel.js"
"hospedagem_diferencas_colaborador";"1";"assets/js/adm-hotel.js"
"hospedagem_eventos";"1";"assets/js/programacao-despesas.js"
"hospedagem_historico_atual_colaboradores";"1";"assets/js/hotel-relatorio-v2.js"
"hospedagem_historico_colaboradores";"2";"assets/js/modules/relatorios.js | assets/js/relatorios.js"
"hospedagem_hoteis";"1";"assets/js/adm-hotel.js"
"hospedagem_pagamento_parcelas";"1";"assets/js/adm-hotel.js"
"hospedagem_pagamentos_v3";"1";"assets/js/adm-hotel.js"
"hospedagem_painel_geral";"1";"assets/js/hotel-relatorio-v2.js"
"hospedagem_reserva_colaboradores";"1";"assets/js/adm-hotel.js"
"hospedagem_reserva_quartos";"1";"assets/js/adm-hotel.js"
"hospedagem_reserva_solicitacoes";"1";"assets/js/adm-hotel.js"
"hospedagem_reservas";"1";"assets/js/adm-hotel.js"
"hospedagem_solicitacao_colaboradores";"2";"assets/js/hotel-relatorio-v2.js | assets/js/programacao-despesas.js"
"hospedagem_solicitacoes";"3";"assets/js/adm-hotel.js | assets/js/notificacoes-engine.js | assets/js/programacao-despesas.js"
"hospedagem_v3_itens";"2";"assets/js/adm-hotel.js | assets/js/hospedagem.js"
"indisponibilidades";"3";"assets/js/indisponibilidade.js | assets/js/programacao-equipe.js | assets/js/programacao.js"
"logistica_abertura_os";"5";"assets/js/adm-logistica.js | assets/js/logistica-abertura-os-correcao.js | assets/js/logistica-abertura-os-workflow.js | assets/js/logistica.js | assets/js/menuBuilder.js"
"logistica_alertas";"1";"assets/js/adm-logistica.js"
"logistica_btg_distribuicao";"3";"assets/js/btg-logistica-agentes-ui.js | assets/js/btg-logistica.js | assets/js/modules/relatorios.js"
"logistica_btg_lista_os";"2";"assets/js/btg-logistica-agentes-ui.js | assets/js/btg-logistica.js"
"logistica_btg_solicitacoes";"4";"assets/js/btg-logistica-agentes-ui.js | assets/js/btg-logistica.js | assets/js/modules/relatorios.js | assets/js/relatorios.js"
"logistica_cargas_irregularidades";"2";"assets/js/cargas-irregularidades.js | assets/js/ti-agentes.js"
"logistica_cargas_monitor_execucoes";"2";"assets/js/modules/ti.js | assets/js/ti-agentes.js"
"logistica_clientes_anexo_regras";"1";"assets/js/programacao-equipe.js"
"logistica_clientes_contrato_regras";"1";"assets/js/logistica.js"
"logistica_clientes_filiais_pagadoras";"1";"assets/js/logistica-clientes-filiais-pagadoras.js"
"logistica_clientes_nacionais_aliases";"1";"assets/js/logistica.js"
"logistica_fob";"5";"assets/js/adm-logistica.js | assets/js/logistica-fob-page-v9.js | assets/js/logistica-fob-page.js | assets/js/menuBuilder.js | assets/js/programacao.js"
"logistica_nhe_lancamentos_auto";"1";"assets/js/logistica-fob-page-v9.js"
"logistica_relatorios_destinatarios";"1";"assets/js/adm-logistica.js"
"logistica_relatorios_envios";"1";"assets/js/adm-logistica.js"
"metas_auditoria";"1";"assets/js/modules/metas.js"
"metas_gestores";"2";"assets/js/metasFechamentoValidacao.js | assets/js/modules/metas.js"
"metas_producao";"10";"assets/js/adm-logistica.js | assets/js/dashboard-regional-map.js | assets/js/dashboard.js | assets/js/gestor-app-dashboard-live-fix.js | assets/js/gestor-app.js | assets/js/historico.js | assets/js/metasReabrirFechamento.js | assets/js/modules/dashboard-diretoria.js | assets/js/modules/dashboard-socio.js | assets/js/modules/metas.js"
"operacional_auditoria_colaborador";"5";"assets/js/adm-conferencia.js | assets/js/admin-auditoria.js | assets/js/auditoria.js | assets/js/modules/relatorios.js | assets/js/relatorios.js"
"operacional_colaborador_base";"7";"assets/js/conferencia-deslocamento.js | assets/js/gestor-app.js | assets/js/modules/relatorios.js | assets/js/os-mobile.js | assets/js/os.js | assets/js/programacao.js | assets/js/relatorios.js"
"operacional_laudos";"4";"assets/js/adm-logistica.js | assets/js/laudoUpload.js | assets/js/logistica.js | assets/js/programacao-equipe.js"
"operacional_os";"26";"assets/js/adm-conferencia-sem-os.js | assets/js/adm-conferencia.js | assets/js/adm-logistica.js | assets/js/btg-logistica-agentes-ui.js | assets/js/btg-logistica.js | assets/js/dashboard-os-card-fix.js | assets/js/dashboard.js | assets/js/distribuir-os.js | assets/js/emails.js | assets/js/gestor-app-mobile-home-fix.js | assets/js/gestor-app.js | assets/js/laudoUpload.js | assets/js/listaOsAgentSync.js | assets/js/logistica-abertura-os-informar-colaborador.js | assets/js/logistica-abertura-os-workflow.js | assets/js/logistica-conferencia-ocr.js | assets/js/logistica.js | assets/js/modules/relatorios.js | assets/js/os-mobile.js | assets/js/os.js | assets/js/programacao-compartilhar-os.js | assets/js/programacao-despesas.js | assets/js/programacao-equipe.js | assets/js/programacao-sem-os.js | assets/js/programacao.js | assets/js/relatorios.js"
"operacional_os_colaboradores";"10";"assets/js/adm-logistica.js | assets/js/btg-logistica.js | assets/js/distribuir-os.js | assets/js/gestor-app.js | assets/js/modules/relatorios.js | assets/js/os-mobile.js | assets/js/os.js | assets/js/programacao-equipe.js | assets/js/programacao.js | assets/js/relatorios.js"
"operacional_pontos_embarque";"7";"assets/js/gestor-app.js | assets/js/listaOsAgentSync.js | assets/js/logistica.js | assets/js/modules/relatorios.js | assets/js/programacao-equipe.js | assets/js/programacao.js | assets/js/relatorios.js"
"ouro_safra_classificacao_execucoes";"1";"assets/js/ti-agentes.js"
"painel_notificacoes";"2";"assets/js/notificacoes-engine.js | assets/js/notificacoes.js"
"painel_notificacoes_usuarios";"2";"assets/js/notificacoes-engine.js | assets/js/notificacoes.js"
"patrimonios_historico_leituras";"4";"assets/js/modules/relatorios.js | assets/js/notificacoes-engine.js | assets/js/patrimoniosAgentSync.js | assets/js/relatorios.js"
"patrimonios_importacoes";"4";"assets/js/importarPatrimonios.js | assets/js/modules/relatorios.js | assets/js/patrimoniosAgentSync.js | assets/js/relatorios.js"
"patrimonios_snapshot";"10";"assets/js/dashboard.js | assets/js/gestor-app-dashboard-live-fix.js | assets/js/gestor-app.js | assets/js/historico.js | assets/js/modules/relatorios.js | assets/js/patrimonioRelatorios.js | assets/js/patrimonioStatus.js | assets/js/programacao-sem-os.js | assets/js/programacao.js | assets/js/relatorios.js"
"producao_importacoes";"4";"assets/js/historicoProducao.js | assets/js/importarProducao.js | assets/js/modules/relatorios.js | assets/js/relatorios.js"
"producao_snapshot";"13";"assets/js/adm-conferencia.js | assets/js/consultarProducao.js | assets/js/dashboard-regional-map.js | assets/js/efetivosSemProducao.js | assets/js/gestor-app-dashboard-live-fix.js | assets/js/gestor-app.js | assets/js/historico.js | assets/js/hotel-relatorio-v2.js | assets/js/logistica-fob-page-v9.js | assets/js/logistica-informativos-efetivos-fix.js | assets/js/metasFechamentoValidacao.js | assets/js/modules/relatorios.js | assets/js/relatorios.js"
"programacao_alimentacao";"5";"assets/js/logistica-abertura-os-informar-colaborador.js | assets/js/programacao-despesas.js | assets/js/programacao-equipe.js | assets/js/programacao-sem-os.js | assets/js/programacao.js"
"programacao_colaborador";"1";"assets/js/modules/programacao.api.example.js"
"programacao_colaboradores";"8";"assets/js/adm-conferencia-sem-os.js | assets/js/auditoria.js | assets/js/gestor-app.js | assets/js/programacao-compartilhar-os.js | assets/js/programacao-equipe.js | assets/js/programacao-persistencia-contexto.js | assets/js/programacao-sem-os.js | assets/js/programacao.js"
"programacao_conferencia_status";"1";"assets/js/adm-conferencia.js"
"programacao_deslocamento";"3";"assets/js/conferencia-deslocamento.js | assets/js/programacao-equipe.js | assets/js/programacao.js"
"programacao_despesas_os_compartilhadas";"3";"assets/js/programacao-compartilhar-os.js | assets/js/programacao-despesas-os-visual.js | assets/js/programacao-despesas.js"
"programacao_dia";"12";"assets/js/adm-conferencia-sem-os.js | assets/js/adm-conferencia.js | assets/js/gestor-app.js | assets/js/logistica-abertura-os-informar-colaborador.js | assets/js/mapa-operacional-programacao.js | assets/js/mapa-operacional.js | assets/js/notificacoes-engine.js | assets/js/programacao-despesas.js | assets/js/programacao-equipe.js | assets/js/programacao-persistencia-contexto.js | assets/js/programacao-sem-os.js | assets/js/programacao.js"
"programacao_dia_ultima";"1";"assets/js/programacao-equipe.js"
"programacao_equipe";"5";"assets/js/adm-conferencia-sem-os.js | assets/js/adm-conferencia.js | assets/js/programacao-compartilhar-os.js | assets/js/programacao-despesas.js | assets/js/programacao-equipe.js"
"programacao_equipe_ultima";"1";"assets/js/programacao-equipe.js"
"programacao_estadia";"8";"assets/js/adm-hotel-hospedados.js | assets/js/adm-hotel-separacao-modulos.js | assets/js/hospedagem.js | assets/js/hotel-relatorio-v2.js | assets/js/programacao-despesas.js | assets/js/programacao-equipe.js | assets/js/programacao-sem-os.js | assets/js/programacao.js"
"programacao_extras";"3";"assets/js/programacao-despesas.js | assets/js/programacao-sem-os.js | assets/js/programacao.js"
"programacao_inativacao_solicitacoes";"5";"assets/js/adm-conferencia-sem-os.js | assets/js/desligamento-rh-patrimonios.js | assets/js/equipe.js | assets/js/patrimonioRelatorios.js | assets/js/programacao-sem-os.js"
"programacao_indisponibilidade_informados";"1";"assets/js/adm-conferencia-sem-os.js"
"programacao_usuario_supervisoes";"1";"assets/js/logistica-atualizar-mobile-filtros.js"
"programacao_veiculo_proprio";"1";"assets/js/conferencia-deslocamento.js"
"propostas_comerciais";"1";"assets/js/propostas.js"
"propostas_gestores_regionais";"1";"assets/js/propostas.js"
"relatorio_resultado_diario";"13";"assets/js/adm-conferencia.js | assets/js/adm-logistica.js | assets/js/auditoria.js | assets/js/logistica-informativos.js | assets/js/logistica.js | assets/js/metasFechamentoValidacao.js | assets/js/modules/dashboard-diretoria.js | assets/js/modules/dashboard-socio.js | assets/js/modules/dre.js | assets/js/modules/metas.js | assets/js/modules/relatorios.js | assets/js/relatorios.js | assets/js/uber.js"
"relatorios_importacoes";"1";"assets/js/modules/dre.js"
"rh_admissoes";"1";"assets/js/equipe.js"
"rh_advertencias";"1";"assets/js/advertenciasRh.js"
"rh_atestados";"4";"assets/js/indisponibilidade.js | assets/js/programacao-equipe.js | assets/js/programacao.js | assets/js/rhShared.js"
"rh_cartao_ponto";"1";"assets/js/cartaoPonto.js"
"rh_cat";"1";"assets/js/segurancaTrabalho.js"
"rh_clinicas_sst";"4";"assets/js/clinicas-sst.js | assets/js/exames.js | assets/js/modules/relatorios.js | assets/js/telegrama.js"
"rh_contratos_experiencia";"1";"assets/js/contratos.js"
"rh_documentos_registro";"1";"assets/js/equipe.js"
"rh_empresas";"2";"assets/js/epiRh.js | assets/js/holeritePagamentos.js"
"rh_epi_registros";"2";"assets/js/adm-compras.js | assets/js/financeiro.js"
"rh_exames";"1";"assets/js/exames.js"
"rh_ferias";"3";"assets/js/indisponibilidade.js | assets/js/programacao-equipe.js | assets/js/programacao.js"
"rh_folha";"1";"assets/js/holeritePagamentos.js"
"rh_integracao";"1";"assets/js/equipe.js"
"rh_plantao_contatos";"1";"assets/js/plantao.js"
"rh_plantao_escalas";"1";"assets/js/plantao.js"
"rh_plantao_modelos";"1";"assets/js/plantao.js"
"rh_plantao_setor_config";"1";"assets/js/equipe.js"
"rh_plantao_setor_editores";"1";"assets/js/equipe.js"
"rh_plantao_setores";"1";"assets/js/plantao.js"
"rh_rescisoes";"1";"assets/js/contratos.js"
"supervisoes";"4";"assets/js/adm-hotel-alojamentos-v2.js | assets/js/logistica.js | assets/js/programacao.js | assets/js/ti-agentes.js"
"termos_celular";"3";"assets/js/adm-compras.js | assets/js/compras.js | assets/js/termos.js"
"termos_veiculos";"1";"assets/js/termos.js"
"ti_integracao_segredos";"1";"assets/js/modules/ti.js"
"ti_integracoes";"2";"assets/js/admin-configuracoes.js | assets/js/modules/ti.js"
"v_leitura_supervisao";"2";"assets/js/metasFechamentoValidacao.js | assets/js/modules/metas.js"
"vw_alojamentos_ativos";"1";"assets/js/modules/programacao.api.example.js"
"vw_conferencia_uber_corridas";"2";"assets/js/adm-conferencia.js | assets/js/uber.js"
"vw_metas_producao_mensal";"1";"assets/js/modules/dashboard-socio.js"
"vw_metas_producao_regional";"1";"assets/js/modules/dashboard-socio.js"
"vw_patrimonios_atual";"5";"assets/js/desligamento-rh-patrimonios.js | assets/js/gestor-app.js | assets/js/mapa-operacional-programacao.js | assets/js/patrimonios.js | assets/js/programacao-carona-motorista.js"
